<IronPython>
  <Release Version="0.7" Date="3/23/2005">
    IronPython 0.7
  </Release>
  <Release Version="0.7.1" Date="4/1/2005">
    IronPython 0.7.1
  </Release>
  <Release Version="0.7.2" Date="4/12/2005">
    IronPython 0.7.2
  </Release>
  <Release Version="0.7.3" Date="4/26/2005">
    IronPython 0.7.3
  </Release>
  <Release Version="0.7.4" Date="5/3/2005">
    IronPython 0.7.4
  </Release>
  <Release Version="0.7.5" Date="5/17/2005">
    IronPython 0.7.5
  </Release>
  <Release Version="0.7.6" Date="6/14/2005">
    IronPython 0.7.6
  </Release>
  <Release Version="0.9" Date="8/2/2005">
    IronPython 0.9
  </Release>
  <Release Version="0.9.1" Date="8/23/2005">
    IronPython 0.9.1
  </Release>
  <Release Version="0.9.2" Date="9/21/2005">
    IronPython 0.9.2
  </Release>
  <Release Version="0.9.3" Date="10/13/2005">
    IronPython 0.9.3
  </Release>
  <Release Version="0.9.4" Date="11/2/2005">
    IronPython 0.9.4
  </Release>
</IronPython>
